observation_date,CPI
01/01/47,21.48
01/02/47,21.62
01/03/47,22
01/04/47,22
01/05/47,21.95
01/06/47,22.08
01/07/47,22.23
01/08/47,22.4
01/09/47,22.84
01/10/47,22.91
01/11/47,23.06
01/12/47,23.41
01/01/48,23.68
01/02/48,23.67
01/03/48,23.5
01/04/48,23.82
01/05/48,24.01
01/06/48,24.15
01/07/48,24.4
01/08/48,24.43
01/09/48,24.36
01/10/48,24.31
01/11/48,24.16
01/12/48,24.05
01/01/49,24.01
01/02/49,23.91
01/03/49,23.91
01/04/49,23.92
01/05/49,23.91
01/06/49,23.92
01/07/49,23.7
01/08/49,23.7
01/09/49,23.75
01/10/49,23.67
01/11/49,23.7
01/12/49,23.61
01/01/50,23.51
01/02/50,23.61
01/03/50,23.64
01/04/50,23.65
01/05/50,23.77
01/06/50,23.88
01/07/50,24.07
01/08/50,24.2
01/09/50,24.34
01/10/50,24.5
01/11/50,24.6
01/12/50,24.98
01/01/51,25.38
01/02/51,25.83
01/03/51,25.88
01/04/51,25.92
01/05/51,25.99
01/06/51,25.93
01/07/51,25.91
01/08/51,25.86
01/09/51,26.03
01/10/51,26.16
01/11/51,26.32
01/12/51,26.47
01/01/52,26.45
01/02/52,26.41
01/03/52,26.39
01/04/52,26.46
01/05/52,26.47
01/06/52,26.53
01/07/52,26.68
01/08/52,26.69
01/09/52,26.63
01/10/52,26.69
01/11/52,26.69
01/12/52,26.71
01/01/53,26.64
01/02/53,26.59
01/03/53,26.63
01/04/53,26.69
01/05/53,26.7
01/06/53,26.77
01/07/53,26.79
01/08/53,26.85
01/09/53,26.89
01/10/53,26.95
01/11/53,26.85
01/12/53,26.87
01/01/54,26.94
01/02/54,26.99
01/03/54,26.93
01/04/54,26.86
01/05/54,26.93
01/06/54,26.94
01/07/54,26.86
01/08/54,26.85
01/09/54,26.81
01/10/54,26.72
01/11/54,26.78
01/12/54,26.77
01/01/55,26.77
01/02/55,26.82
01/03/55,26.79
01/04/55,26.79
01/05/55,26.77
01/06/55,26.71
01/07/55,26.76
01/08/55,26.72
01/09/55,26.85
01/10/55,26.82
01/11/55,26.88
01/12/55,26.87
01/01/56,26.83
01/02/56,26.86
01/03/56,26.89
01/04/56,26.93
01/05/56,27.03
01/06/56,27.15
01/07/56,27.29
01/08/56,27.31
01/09/56,27.35
01/10/56,27.51
01/11/56,27.51
01/12/56,27.63
01/01/57,27.67
01/02/57,27.8
01/03/57,27.86
01/04/57,27.93
01/05/57,28
01/06/57,28.11
01/07/57,28.19
01/08/57,28.28
01/09/57,28.32
01/10/57,28.32
01/11/57,28.41
01/12/57,28.47
01/01/58,28.64
01/02/58,28.7
01/03/58,28.87
01/04/58,28.94
01/05/58,28.94
01/06/58,28.91
01/07/58,28.89
01/08/58,28.94
01/09/58,28.91
01/10/58,28.91
01/11/58,28.95
01/12/58,28.97
01/01/59,29.01
01/02/59,29
01/03/59,28.97
01/04/59,28.98
01/05/59,29.04
01/06/59,29.11
01/07/59,29.15
01/08/59,29.18
01/09/59,29.25
01/10/59,29.35
01/11/59,29.35
01/12/59,29.41
01/01/60,29.37
01/02/60,29.41
01/03/60,29.41
01/04/60,29.54
01/05/60,29.57
01/06/60,29.61
01/07/60,29.55
01/08/60,29.61
01/09/60,29.61
01/10/60,29.75
01/11/60,29.78
01/12/60,29.81
01/01/61,29.84
01/02/61,29.84
01/03/61,29.84
01/04/61,29.81
01/05/61,29.84
01/06/61,29.84
01/07/61,29.92
01/08/61,29.94
01/09/61,29.98
01/10/61,29.98
01/11/61,29.98
01/12/61,30.01
01/01/62,30.04
01/02/62,30.11
01/03/62,30.17
01/04/62,30.21
01/05/62,30.24
01/06/62,30.21
01/07/62,30.22
01/08/62,30.28
01/09/62,30.42
01/10/62,30.38
01/11/62,30.38
01/12/62,30.38
01/01/63,30.44
01/02/63,30.48
01/03/63,30.51
01/04/63,30.48
01/05/63,30.51
01/06/63,30.61
01/07/63,30.69
01/08/63,30.75
01/09/63,30.72
01/10/63,30.75
01/11/63,30.78
01/12/63,30.88
01/01/64,30.94
01/02/64,30.91
01/03/64,30.94
01/04/64,30.95
01/05/64,30.98
01/06/64,31.01
01/07/64,31.02
01/08/64,31.05
01/09/64,31.08
01/10/64,31.12
01/11/64,31.21
01/12/64,31.25
01/01/65,31.28
01/02/65,31.28
01/03/65,31.31
01/04/65,31.38
01/05/65,31.48
01/06/65,31.61
01/07/65,31.58
01/08/65,31.55
01/09/65,31.62
01/10/65,31.65
01/11/65,31.75
01/12/65,31.85
01/01/66,31.88
01/02/66,32.08
01/03/66,32.18
01/04/66,32.28
01/05/66,32.35
01/06/66,32.38
01/07/66,32.45
01/08/66,32.65
01/09/66,32.75
01/10/66,32.85
01/11/66,32.88
01/12/66,32.92
01/01/67,32.9
01/02/67,33
01/03/67,33
01/04/67,33.1
01/05/67,33.1
01/06/67,33.3
01/07/67,33.4
01/08/67,33.5
01/09/67,33.6
01/10/67,33.7
01/11/67,33.9
01/12/67,34
01/01/68,34.1
01/02/68,34.2
01/03/68,34.3
01/04/68,34.4
01/05/68,34.5
01/06/68,34.7
01/07/68,34.9
01/08/68,35
01/09/68,35.1
01/10/68,35.3
01/11/68,35.4
01/12/68,35.6
01/01/69,35.7
01/02/69,35.8
01/03/69,36.1
01/04/69,36.3
01/05/69,36.4
01/06/69,36.6
01/07/69,36.8
01/08/69,36.9
01/09/69,37.1
01/10/69,37.3
01/11/69,37.5
01/12/69,37.7
01/01/70,37.9
01/02/70,38.1
01/03/70,38.3
01/04/70,38.5
01/05/70,38.6
01/06/70,38.8
01/07/70,38.9
01/08/70,39
01/09/70,39.2
01/10/70,39.4
01/11/70,39.6
01/12/70,39.8
01/01/71,39.9
01/02/71,39.9
01/03/71,40
01/04/71,40.1
01/05/71,40.3
01/06/71,40.5
01/07/71,40.6
01/08/71,40.7
01/09/71,40.8
01/10/71,40.9
01/11/71,41
01/12/71,41.1
01/01/72,41.2
01/02/72,41.4
01/03/72,41.4
01/04/72,41.5
01/05/72,41.6
01/06/72,41.7
01/07/72,41.8
01/08/72,41.9
01/09/72,42.1
01/10/72,42.2
01/11/72,42.4
01/12/72,42.5
01/01/73,42.7
01/02/73,43
01/03/73,43.4
01/04/73,43.7
01/05/73,43.9
01/06/73,44.2
01/07/73,44.2
01/08/73,45
01/09/73,45.2
01/10/73,45.6
01/11/73,45.9
01/12/73,46.3
01/01/74,46.8
01/02/74,47.3
01/03/74,47.8
01/04/74,48.1
01/05/74,48.6
01/06/74,49
01/07/74,49.3
01/08/74,49.9
01/09/74,50.6
01/10/74,51
01/11/74,51.5
01/12/74,51.9
01/01/75,52.3
01/02/75,52.6
01/03/75,52.8
01/04/75,53
01/05/75,53.1
01/06/75,53.5
01/07/75,54
01/08/75,54.2
01/09/75,54.6
01/10/75,54.9
01/11/75,55.3
01/12/75,55.6
01/01/76,55.8
01/02/76,55.9
01/03/76,56
01/04/76,56.1
01/05/76,56.4
01/06/76,56.7
01/07/76,57
01/08/76,57.3
01/09/76,57.6
01/10/76,57.9
01/11/76,58.1
01/12/76,58.4
01/01/77,58.7
01/02/77,59.3
01/03/77,59.6
01/04/77,60
01/05/77,60.2
01/06/77,60.5
01/07/77,60.8
01/08/77,61.1
01/09/77,61.3
01/10/77,61.6
01/11/77,62
01/12/77,62.3
01/01/78,62.7
01/02/78,63
01/03/78,63.4
01/04/78,63.9
01/05/78,64.5
01/06/78,65
01/07/78,65.5
01/08/78,65.9
01/09/78,66.5
01/10/78,67.1
01/11/78,67.5
01/12/78,67.9
01/01/79,68.5
01/02/79,69.2
01/03/79,69.9
01/04/79,70.6
01/05/79,71.4
01/06/79,72.2
01/07/79,73
01/08/79,73.7
01/09/79,74.4
01/10/79,75.2
01/11/79,76
01/12/79,76.9
01/01/80,78
01/02/80,79
01/03/80,80.1
01/04/80,80.9
01/05/80,81.7
01/06/80,82.5
01/07/80,82.6
01/08/80,83.2
01/09/80,83.9
01/10/80,84.7
01/11/80,85.6
01/12/80,86.4
01/01/81,87.2
01/02/81,88
01/03/81,88.6
01/04/81,89.1
01/05/81,89.7
01/06/81,90.5
01/07/81,91.5
01/08/81,92.2
01/09/81,93.1
01/10/81,93.4
01/11/81,93.8
01/12/81,94.1
01/01/82,94.4
01/02/82,94.7
01/03/82,94.7
01/04/82,95
01/05/82,95.9
01/06/82,97
01/07/82,97.5
01/08/82,97.7
01/09/82,97.7
01/10/82,98.1
01/11/82,98
01/12/82,97.7
01/01/83,97.9
01/02/83,98
01/03/83,98.1
01/04/83,98.8
01/05/83,99.2
01/06/83,99.4
01/07/83,99.8
01/08/83,100.1
01/09/83,100.4
01/10/83,100.8
01/11/83,101.1
01/12/83,101.4
01/01/84,102.1
01/02/84,102.6
01/03/84,102.9
01/04/84,103.3
01/05/84,103.5
01/06/84,103.7
01/07/84,104.1
01/08/84,104.4
01/09/84,104.7
01/10/84,105.1
01/11/84,105.3
01/12/84,105.5
01/01/85,105.7
01/02/85,106.3
01/03/85,106.8
01/04/85,107
01/05/85,107.2
01/06/85,107.5
01/07/85,107.7
01/08/85,107.9
01/09/85,108.1
01/10/85,108.5
01/11/85,109
01/12/85,109.5
01/01/86,109.9
01/02/86,109.7
01/03/86,109.1
01/04/86,108.7
01/05/86,109
01/06/86,109.4
01/07/86,109.5
01/08/86,109.6
01/09/86,110
01/10/86,110.2
01/11/86,110.4
01/12/86,110.8
01/01/87,111.4
01/02/87,111.8
01/03/87,112.2
01/04/87,112.7
01/05/87,113
01/06/87,113.5
01/07/87,113.8
01/08/87,114.3
01/09/87,114.7
01/10/87,115
01/11/87,115.4
01/12/87,115.6
01/01/88,116
01/02/88,116.2
01/03/88,116.5
01/04/88,117.2
01/05/88,117.5
01/06/88,118
01/07/88,118.5
01/08/88,119
01/09/88,119.5
01/10/88,119.9
01/11/88,120.3
01/12/88,120.7
01/01/89,121.2
01/02/89,121.6
01/03/89,122.2
01/04/89,123.1
01/05/89,123.7
01/06/89,124.1
01/07/89,124.5
01/08/89,124.5
01/09/89,124.8
01/10/89,125.4
01/11/89,125.9
01/12/89,126.3
01/01/90,127.5
01/02/90,128
01/03/90,128.6
01/04/90,128.9
01/05/90,129.1
01/06/90,129.9
01/07/90,130.5
01/08/90,131.6
01/09/90,132.5
01/10/90,133.4
01/11/90,133.7
01/12/90,134.2
01/01/91,134.7
01/02/91,134.8
01/03/91,134.8
01/04/91,135.1
01/05/91,135.6
01/06/91,136
01/07/91,136.2
01/08/91,136.6
01/09/91,137
01/10/91,137.2
01/11/91,137.8
01/12/91,138.2
01/01/92,138.3
01/02/92,138.6
01/03/92,139.1
01/04/92,139.4
01/05/92,139.7
01/06/92,140.1
01/07/92,140.5
01/08/92,140.8
01/09/92,141.1
01/10/92,141.7
01/11/92,142.1
01/12/92,142.3
01/01/93,142.8
01/02/93,143.1
01/03/93,143.3
01/04/93,143.8
01/05/93,144.2
01/06/93,144.3
01/07/93,144.5
01/08/93,144.8
01/09/93,145
01/10/93,145.6
01/11/93,146
01/12/93,146.3
01/01/94,146.3
01/02/94,146.7
01/03/94,147.1
01/04/94,147.2
01/05/94,147.5
01/06/94,147.9
01/07/94,148.4
01/08/94,149
01/09/94,149.3
01/10/94,149.4
01/11/94,149.8
01/12/94,150.1
01/01/95,150.5
01/02/95,150.9
01/03/95,151.2
01/04/95,151.8
01/05/95,152.1
01/06/95,152.4
01/07/95,152.6
01/08/95,152.9
01/09/95,153.1
01/10/95,153.5
01/11/95,153.7
01/12/95,153.9
01/01/96,154.7
01/02/96,155
01/03/96,155.5
01/04/96,156.1
01/05/96,156.4
01/06/96,156.7
01/07/96,157
01/08/96,157.2
01/09/96,157.7
01/10/96,158.2
01/11/96,158.7
01/12/96,159.1
01/01/97,159.4
01/02/97,159.7
01/03/97,159.8
01/04/97,159.9
01/05/97,159.9
01/06/97,160.2
01/07/97,160.4
01/08/97,160.8
01/09/97,161.2
01/10/97,161.5
01/11/97,161.7
01/12/97,161.8
01/01/98,162
01/02/98,162
01/03/98,162
01/04/98,162.2
01/05/98,162.6
01/06/98,162.8
01/07/98,163.2
01/08/98,163.4
01/09/98,163.5
01/10/98,163.9
01/11/98,164.1
01/12/98,164.4
01/01/99,164.7
01/02/99,164.7
01/03/99,164.8
01/04/99,165.9
01/05/99,166
01/06/99,166
01/07/99,166.7
01/08/99,167.1
01/09/99,167.8
01/10/99,168.1
01/11/99,168.4
01/12/99,168.8
01/01/00,169.3
01/02/00,170
01/03/00,171
01/04/00,170.9
01/05/00,171.2
01/06/00,172.2
01/07/00,172.7
01/08/00,172.7
01/09/00,173.6
01/10/00,173.9
01/11/00,174.2
01/12/00,174.6
01/01/01,175.6
01/02/01,176
01/03/01,176.1
01/04/01,176.4
01/05/01,177.3
01/06/01,177.7
01/07/01,177.4
01/08/01,177.4
01/09/01,178.1
01/10/01,177.6
01/11/01,177.5
01/12/01,177.4
01/01/02,177.7
01/02/02,178
01/03/02,178.5
01/04/02,179.3
01/05/02,179.5
01/06/02,179.6
01/07/02,180
01/08/02,180.5
01/09/02,180.8
01/10/02,181.2
01/11/02,181.5
01/12/02,181.8
01/01/03,182.6
01/02/03,183.6
01/03/03,183.9
01/04/03,183.2
01/05/03,182.9
01/06/03,183.1
01/07/03,183.7
01/08/03,184.5
01/09/03,185.1
01/10/03,184.9
01/11/03,185
01/12/03,185.5
01/01/04,186.3
01/02/04,186.7
01/03/04,187.1
01/04/04,187.4
01/05/04,188.2
01/06/04,188.9
01/07/04,189.1
01/08/04,189.2
01/09/04,189.8
01/10/04,190.8
01/11/04,191.7
01/12/04,191.7
01/01/05,191.6
01/02/05,192.4
01/03/05,193.1
01/04/05,193.7
01/05/05,193.6
01/06/05,193.7
01/07/05,194.9
01/08/05,196.1
01/09/05,198.8
01/10/05,199.1
01/11/05,198.1
01/12/05,198.1
01/01/06,199.3
01/02/06,199.4
01/03/06,199.7
01/04/06,200.7
01/05/06,201.3
01/06/06,201.8
01/07/06,202.9
01/08/06,203.8
01/09/06,202.8
01/10/06,201.9
01/11/06,202
01/12/06,203.1
01/01/07,203.437
01/02/07,204.226
01/03/07,205.288
01/04/07,205.904
01/05/07,206.755
01/06/07,207.234
01/07/07,207.603
01/08/07,207.667
01/09/07,208.547
01/10/07,209.19
01/11/07,210.834
01/12/07,211.445
01/01/08,212.174
01/02/08,212.687
01/03/08,213.448
01/04/08,213.942
01/05/08,215.208
01/06/08,217.463
01/07/08,219.016
01/08/08,218.69
01/09/08,218.877
01/10/08,216.995
01/11/08,213.153
01/12/08,211.398
01/01/09,211.933
01/02/09,212.705
01/03/09,212.495
01/04/09,212.709
01/05/09,213.022
01/06/09,214.79
01/07/09,214.726
01/08/09,215.445
01/09/09,215.861
01/10/09,216.509
01/11/09,217.234
01/12/09,217.347
01/01/10,217.488
01/02/10,217.281
01/03/10,217.353
01/04/10,217.403
01/05/10,217.29
01/06/10,217.199
01/07/10,217.605
01/08/10,217.923
01/09/10,218.275
01/10/10,219.035
01/11/10,219.59
01/12/10,220.472
01/01/11,221.187
01/02/11,221.898
01/03/11,223.046
01/04/11,224.093
01/05/11,224.806
01/06/11,224.806
01/07/11,225.395
01/08/11,226.106
01/09/11,226.597
01/10/11,226.75
01/11/11,227.169
01/12/11,227.223
01/01/12,227.842
01/02/12,228.329
01/03/12,228.807
01/04/12,229.187
01/05/12,228.713
01/06/12,228.524
01/07/12,228.59
01/08/12,229.918
01/09/12,231.015
01/10/12,231.638
01/11/12,231.249
01/12/12,231.221
01/01/13,231.679
01/02/13,232.937
01/03/13,232.282
01/04/13,231.797
01/05/13,231.893
01/06/13,232.445
01/07/13,232.9
01/08/13,233.456
01/09/13,233.544
01/10/13,233.669
01/11/13,234.1
01/12/13,234.719
01/01/14,235.288
01/02/14,235.547
01/03/14,236.028
01/04/14,236.468
01/05/14,236.918
01/06/14,237.231
01/07/14,237.498
01/08/14,237.46
01/09/14,237.477
01/10/14,237.43
01/11/14,236.983
01/12/14,236.252
01/01/15,234.747
01/02/15,235.342
01/03/15,235.976
01/04/15,236.222
01/05/15,237.001
01/06/15,237.657
01/07/15,238.034
01/08/15,238.033
01/09/15,237.498
01/10/15,237.733
01/11/15,238.017
01/12/15,237.761
01/01/16,237.652
01/02/16,237.336
01/03/16,238.08
01/04/16,238.992
01/05/16,239.557
01/06/16,240.222
01/07/16,240.101
01/08/16,240.545
01/09/16,241.176
01/10/16,241.741
01/11/16,242.026
01/12/16,242.637
01/01/17,243.618
01/02/17,244.006
01/03/17,243.892
01/04/17,244.193
01/05/17,244.004
01/06/17,244.163
01/07/17,244.243
01/08/17,245.183
01/09/17,246.435
01/10/17,246.626
01/11/17,247.284
01/12/17,247.805
01/01/18,248.859
01/02/18,249.529
01/03/18,249.577
01/04/18,250.227
01/05/18,250.792
01/06/18,251.018
01/07/18,251.214
01/08/18,251.663
01/09/18,252.182
01/10/18,252.772
01/11/18,252.594
01/12/18,252.767
01/01/19,252.561
01/02/19,253.319
01/03/19,254.277
01/04/19,255.233
01/05/19,255.296
01/06/19,255.213
01/07/19,255.802
01/08/19,256.036
01/09/19,256.43
01/10/19,257.155
01/11/19,257.879
01/12/19,258.63
01/01/20,259.127
01/02/20,259.25
01/03/20,258.076
01/04/20,256.032
01/05/20,255.802
01/06/20,257.042
01/07/20,258.352
01/08/20,259.316
01/09/20,259.997
01/10/20,260.319
01/11/20,260.911
01/12/20,262.045
01/01/21,262.639
01/02/21,263.573
01/03/21,264.847
01/04/21,266.625
01/05/21,268.404
01/06/21,270.71
01/07/21,271.965
01/08/21,272.752
01/09/21,273.942
01/10/21,276.528
01/11/21,278.824
01/12/21,280.806
01/01/22,282.542
01/02/22,284.525
01/03/22,287.467
01/04/22,288.582
01/05/22,291.299
01/06/22,295.072
01/07/22,294.94
01/08/22,295.162
01/09/22,296.421
01/10/22,297.979
01/11/22,298.708
01/12/22,298.808
01/01/23,300.456
01/02/23,301.476
01/03/23,301.643
01/04/23,302.858
01/05/23,303.316
01/06/23,304.099
01/07/23,304.615
01/08/23,306.138
01/09/23,307.374
01/10/23,307.653
01/11/23,308.087
01/12/23,308.735
01/01/24,309.794
01/02/24,311.022
01/03/24,312.107
01/04/24,313.016
01/05/24,313.14
01/06/24,313.131
01/07/24,313.566
01/08/24,314.131
01/09/24,314.851
01/10/24,315.564
01/11/24,316.449
01/12/24,317.603
01/01/25,319.086
01/02/25,319.775
01/03/25,319.615
01/04/25,320.321
01/05/25,320.58
01/06/25,321.5
01/07/25,322.132
01/08/25,323.364