observation_date,FDI
01/10/51,90
01/01/52,56
01/04/52,44
01/07/52,-88
01/10/52,516
01/01/53,76
01/04/53,-180
01/07/53,44
01/10/53,692
01/01/54,68
01/04/54,200
01/07/54,172
01/10/54,56
01/01/55,56
01/04/55,16
01/07/55,-44
01/10/55,760
01/01/56,372
01/04/56,444
01/07/56,440
01/10/56,-328
01/01/57,216
01/04/57,260
01/07/57,72
01/10/57,72
01/01/58,360
01/04/58,392
01/07/58,368
01/10/58,-728
01/01/59,516
01/04/59,656
01/07/59,504
01/10/59,-724
01/01/60,416
01/04/60,292
01/07/60,364
01/10/60,188
01/01/61,380
01/04/61,448
01/07/61,220
01/10/61,196
01/01/62,220
01/04/62,380
01/07/62,228
01/10/62,556
01/01/63,276
01/04/63,516
01/07/63,448
01/10/63,-316
01/01/64,340
01/04/64,444
01/07/64,212
01/10/64,292
01/01/65,720
01/04/65,-88
01/07/65,552
01/10/65,472
01/01/66,488
01/04/66,420
01/07/66,-128
01/10/66,924
01/01/67,836
01/04/67,832
01/07/67,540
01/10/67,584
01/01/68,1436
01/04/68,544
01/07/68,536
01/10/68,716
01/01/69,1300
01/04/69,908
01/07/69,1032
01/10/69,1812
01/01/70,2480
01/04/70,904
01/07/70,1492
01/10/70,980
01/01/71,900
01/04/71,700
01/07/71,-1168
01/10/71,1036
01/01/72,-836
01/04/72,1028
01/07/72,1568
01/10/72,2040
01/01/73,3828
01/04/73,4804
01/07/73,2132
01/10/73,436
01/01/74,7136
01/04/74,2156
01/07/74,6440
01/10/74,3312
01/01/75,1112
01/04/75,3480
01/07/75,344
01/10/75,5476
01/01/76,5884
01/04/76,4344
01/07/76,3996
01/10/76,3160
01/01/77,3920
01/04/77,3860
01/07/77,4092
01/10/77,3044
01/01/78,5424
01/04/78,9252
01/07/78,10480
01/10/78,6432
01/01/79,6216
01/04/79,13416
01/07/79,13528
01/10/79,14352
01/01/80,13284
01/04/80,23024
01/07/80,18852
01/10/80,12512
01/01/81,12584
01/04/81,21176
01/07/81,22020
01/10/81,45004
01/01/82,8616
01/04/82,11784
01/07/82,11396
01/10/82,18740
01/01/83,5020
01/04/83,13148
01/07/83,16236
01/10/83,7080
01/01/84,19436
01/04/84,34500
01/07/84,17724
01/10/84,26208
01/01/85,19648
01/04/85,17504
01/07/85,19360
01/10/85,22472
01/01/86,13720
01/04/86,22080
01/07/86,34984
01/10/86,70892
01/01/87,51532
01/04/87,34372
01/07/87,83052
01/10/87,64920
01/01/88,33700
01/04/88,54864
01/07/88,55116
01/10/88,87260
01/01/89,74332
01/04/89,61300
01/07/89,46076
01/10/89,91380
01/01/90,63096
01/04/90,55092
01/07/90,33256
01/10/90,42544
01/01/91,16300
01/04/91,53512
01/07/91,-5412
01/10/91,28284
01/01/92,8344
01/04/92,23664
01/07/92,11592
01/10/92,35692
01/01/93,32240
01/04/93,45544
01/07/93,46752
01/10/93,80912
01/01/94,23532
01/04/94,23068
01/07/94,54836
01/10/94,83048
01/01/95,39696
01/04/95,47552
01/07/95,67056
01/10/95,76800
01/01/96,114072
01/04/96,64740
01/07/96,61032
01/10/96,106164
01/01/97,114504
01/04/97,92600
01/07/97,71460
01/10/97,143836
01/01/98,79036
01/04/98,81564
01/07/98,93960
01/10/98,461620
01/01/99,115036
01/04/99,562804
01/07/99,202576
01/10/99,276004
01/01/00,207400
01/04/00,365568
01/07/00,318888
01/10/00,389484
01/01/01,236820
01/04/01,238256
01/07/01,56512
01/10/01,140596
01/01/02,98976
01/04/02,29880
01/07/02,57312
01/10/02,157664
01/01/03,153156
01/04/03,-16232
01/07/03,28
01/10/03,141096
01/01/04,110320
01/04/04,136672
01/07/04,142076
01/10/04,217856
01/01/05,159904
01/04/05,-32020
01/07/05,155876
01/10/05,182860
01/01/06,180936
01/04/06,266208
01/07/06,226284
01/10/06,315876
01/01/07,205600
01/04/07,268396
01/07/07,351856
01/10/07,85004
01/01/08,362076
01/04/08,274716
01/07/08,259444
01/10/08,377564
01/01/09,-1288
01/04/09,128724
01/07/09,226532
01/10/09,276984
01/01/10,152096
01/04/10,127132
01/07/10,334432
01/10/10,228520
01/01/11,170096
01/04/11,247568
01/07/11,270528
01/10/11,280432
01/01/12,155892
01/04/12,303700
01/07/12,175072
01/10/12,211204
01/01/13,142684
01/04/13,256596
01/07/13,243816
01/10/13,225996
01/01/14,-293968
01/04/14,316280
01/07/14,424204
01/10/14,401432
01/01/15,956604
01/04/15,374936
01/07/15,254312
01/10/15,349540
01/01/16,566720
01/04/16,606940
01/07/16,475284
01/10/16,271120
01/01/17,393588
01/04/17,315376
01/07/17,282788
01/10/17,308540
01/01/18,132968
01/04/18,-36956
01/07/18,419264
01/10/18,350384
01/01/19,266252
01/04/19,258772
01/07/19,207212
01/10/19,294516
01/01/20,94932
01/04/20,73912
01/07/20,135860
01/10/20,142816
01/01/21,255948
01/04/21,346852
01/07/21,539752
01/10/21,479468
01/01/22,337764
01/04/22,359012
01/07/22,487164
01/10/22,169636
01/01/23,336684
01/04/23,362824
01/07/23,244860
01/10/23,245408
01/01/24,267152