Date,GOLD
01/01/15,19.25
02/01/15,19.25
03/01/15,19.25
04/01/15,19.25
05/01/15,19.25
06/01/15,19.25
07/01/15,19.25
08/01/15,19.25
09/01/15,19.25
10/01/15,19.25
11/01/15,19.25
12/01/15,19.25
01/01/16,19.47
02/01/16,19.47
03/01/16,19.47
04/01/16,19.47
05/01/16,19.47
06/01/16,19.47
07/01/16,19.47
08/01/16,19.47
09/01/16,19.47
10/01/16,19.47
11/01/16,19.47
12/01/16,19.47
01/01/17,19.66
02/01/17,19.66
03/01/17,19.66
04/01/17,19.66
05/01/17,19.66
06/01/17,19.66
07/01/17,19.66
08/01/17,19.66
09/01/17,19.66
10/01/17,19.66
11/01/17,19.66
12/01/17,19.66
01/01/18,19.84
02/01/18,19.84
03/01/18,19.84
04/01/18,19.84
05/01/18,19.84
06/01/18,19.84
07/01/18,19.84
08/01/18,19.84
09/01/18,19.84
10/01/18,19.84
11/01/18,19.84
12/01/18,19.84
01/01/19,20.03
02/01/19,20.03
03/01/19,20.03
04/01/19,20.03
05/01/19,20.03
06/01/19,20.03
07/01/19,20.03
08/01/19,20.03
09/01/19,20.03
10/01/19,20.03
11/01/19,20.03
12/01/19,20.03
01/01/20,20.63
02/01/20,20.63
03/01/20,20.63
04/01/20,20.63
05/01/20,20.63
06/01/20,20.63
07/01/20,20.63
08/01/20,20.63
09/01/20,20.63
10/01/20,20.63
11/01/20,20.63
12/01/20,20.63
01/01/21,20.69
02/01/21,20.69
03/01/21,20.69
04/01/21,20.69
05/01/21,20.69
06/01/21,20.69
07/01/21,20.69
08/01/21,20.69
09/01/21,20.69
10/01/21,20.69
11/01/21,20.69
12/01/21,20.69
01/01/22,20.84
02/01/22,20.84
03/01/22,20.84
04/01/22,20.84
05/01/22,20.84
06/01/22,20.84
07/01/22,20.84
08/01/22,20.84
09/01/22,20.84
10/01/22,20.84
11/01/22,20.84
12/01/22,20.84
01/01/23,20.75
02/01/23,20.75
03/01/23,20.75
04/01/23,20.75
05/01/23,20.75
06/01/23,20.75
07/01/23,20.75
08/01/23,20.75
09/01/23,20.75
10/01/23,20.75
11/01/23,20.75
12/01/23,20.75
01/01/24,20.78
02/01/24,20.78
03/01/24,20.78
04/01/24,20.78
05/01/24,20.78
06/01/24,20.78
07/01/24,20.78
08/01/24,20.78
09/01/24,20.78
10/01/24,20.78
11/01/24,20.78
12/01/24,20.78
01/01/25,20.75
02/01/25,20.75
03/01/25,20.75
04/01/25,20.75
05/01/25,20.75
06/01/25,20.75
07/01/25,20.75
08/01/25,20.75
09/01/25,20.75
10/01/25,20.75
11/01/25,20.75
12/01/25,20.75
01/01/26,20.72
02/01/26,20.72
03/01/26,20.72
04/01/26,20.72
05/01/26,20.72
06/01/26,20.72
07/01/26,20.72
08/01/26,20.72
09/01/26,20.72
10/01/26,20.72
11/01/26,20.72
12/01/26,20.72
01/01/27,20.75
02/01/27,20.75
03/01/27,20.75
04/01/27,20.75
05/01/27,20.75
06/01/27,20.75
07/01/27,20.75
08/01/27,20.75
09/01/27,20.75
10/01/27,20.75
11/01/27,20.75
12/01/27,20.75
01/01/28,20.78
02/01/28,20.78
03/01/28,20.78
04/01/28,20.78
05/01/28,20.78
06/01/28,20.78
07/01/28,20.78
08/01/28,20.78
09/01/28,20.78
10/01/28,20.78
11/01/28,20.78
12/01/28,20.78
01/01/29,20.72
02/01/29,20.72
03/01/29,20.72
04/01/29,20.72
05/01/29,20.72
06/01/29,20.72
07/01/29,20.72
08/01/29,20.72
09/01/29,20.72
10/01/29,20.72
11/01/29,20.72
12/01/29,20.72
01/01/30,20.69
02/01/30,20.69
03/01/30,20.69
04/01/30,20.69
05/01/30,20.69
06/01/30,20.69
07/01/30,20.69
08/01/30,20.69
09/01/30,20.69
10/01/30,20.69
11/01/30,20.69
12/01/30,20.69
01/01/31,22.59
02/01/31,22.59
03/01/31,22.59
04/01/31,22.59
05/01/31,22.59
06/01/31,22.59
07/01/31,22.59
08/01/31,22.59
09/01/31,22.59
10/01/31,22.59
11/01/31,22.59
12/01/31,22.59
01/01/32,20.78
02/01/32,20.78
03/01/32,20.78
04/01/32,20.78
05/01/32,20.78
06/01/32,20.78
07/01/32,20.78
08/01/32,20.78
09/01/32,20.78
10/01/32,20.78
11/01/32,20.78
12/01/32,20.78
01/01/33,26.47
02/01/33,26.47
03/01/33,26.47
04/01/33,26.47
05/01/33,26.47
06/01/33,26.47
07/01/33,26.47
08/01/33,26.47
09/01/33,26.47
10/01/33,26.47
11/01/33,26.47
12/01/33,26.47
01/01/34,35
02/01/34,35
03/01/34,35
04/01/34,35
05/01/34,35
06/01/34,35
07/01/34,35
08/01/34,35
09/01/34,35
10/01/34,35
11/01/34,35
12/01/34,35
01/01/35,35
02/01/35,35
03/01/35,35
04/01/35,35
05/01/35,35
06/01/35,35
07/01/35,35
08/01/35,35
09/01/35,35
10/01/35,35
11/01/35,35
12/01/35,35
01/01/36,35
02/01/36,35
03/01/36,35
04/01/36,35
05/01/36,35
06/01/36,35
07/01/36,35
08/01/36,35
09/01/36,35
10/01/36,35
11/01/36,35
12/01/36,35
01/01/37,35
02/01/37,35
03/01/37,35
04/01/37,35
05/01/37,35
06/01/37,35
07/01/37,35
08/01/37,35
09/01/37,35
10/01/37,35
11/01/37,35
12/01/37,35
01/01/38,35
02/01/38,35
03/01/38,35
04/01/38,35
05/01/38,35
06/01/38,35
07/01/38,35
08/01/38,35
09/01/38,35
10/01/38,35
11/01/38,35
12/01/38,35
01/01/39,34.69
02/01/39,34.69
03/01/39,34.69
04/01/39,34.69
05/01/39,34.69
06/01/39,34.69
07/01/39,34.69
08/01/39,34.69
09/01/39,34.69
10/01/39,34.69
11/01/39,34.69
12/01/39,34.69
01/01/40,34.06
02/01/40,34.06
03/01/40,34.06
04/01/40,34.06
05/01/40,34.06
06/01/40,34.06
07/01/40,34.06
08/01/40,34.06
09/01/40,34.06
10/01/40,34.06
11/01/40,34.06
12/01/40,34.06
01/01/41,34.06
02/01/41,34.06
03/01/41,34.06
04/01/41,34.06
05/01/41,34.06
06/01/41,34.06
07/01/41,34.06
08/01/41,34.06
09/01/41,34.06
10/01/41,34.06
11/01/41,34.06
12/01/41,34.06
01/01/42,34.06
02/01/42,34.06
03/01/42,34.06
04/01/42,34.06
05/01/42,34.06
06/01/42,34.06
07/01/42,34.06
08/01/42,34.06
09/01/42,34.06
10/01/42,34.06
11/01/42,34.06
12/01/42,34.06
01/01/43,34.06
02/01/43,34.06
03/01/43,34.06
04/01/43,34.06
05/01/43,34.06
06/01/43,34.06
07/01/43,34.06
08/01/43,34.06
09/01/43,34.06
10/01/43,34.06
11/01/43,34.06
12/01/43,34.06
01/01/44,34.06
02/01/44,34.06
03/01/44,34.06
04/01/44,34.06
05/01/44,34.06
06/01/44,34.06
07/01/44,34.06
08/01/44,34.06
09/01/44,34.06
10/01/44,34.06
11/01/44,34.06
12/01/44,34.06
01/01/45,35
02/01/45,35
03/01/45,35
04/01/45,35
05/01/45,35
06/01/45,35
07/01/45,35
08/01/45,35
09/01/45,35
10/01/45,35
11/01/45,35
12/01/45,35
01/01/46,35
02/01/46,35
03/01/46,35
04/01/46,35
05/01/46,35
06/01/46,35
07/01/46,35
08/01/46,35
09/01/46,35
10/01/46,35
11/01/46,35
12/01/46,35
01/01/47,35
02/01/47,35
03/01/47,35
04/01/47,35
05/01/47,35
06/01/47,35
07/01/47,35
08/01/47,35
09/01/47,35
10/01/47,35
11/01/47,35
12/01/47,35
01/01/48,35
02/01/48,35
03/01/48,35
04/01/48,35
05/01/48,35
06/01/48,35
07/01/48,35
08/01/48,35
09/01/48,35
10/01/48,35
11/01/48,35
12/01/48,35
01/01/49,31.88
02/01/49,31.88
03/01/49,31.88
04/01/49,31.88
05/01/49,31.88
06/01/49,31.88
07/01/49,31.88
08/01/49,31.88
09/01/49,31.88
10/01/49,31.88
11/01/49,31.88
12/01/49,31.88
01/01/50,35
02/01/50,35
03/01/50,35
04/01/50,35
05/01/50,35
06/01/50,35
07/01/50,35
08/01/50,35
09/01/50,35
10/01/50,35
11/01/50,35
12/01/50,35
01/01/51,35
02/01/51,35
03/01/51,35
04/01/51,35
05/01/51,35
06/01/51,35
07/01/51,35
08/01/51,35
09/01/51,35
10/01/51,35
11/01/51,35
12/01/51,35
01/01/52,34.69
02/01/52,34.69
03/01/52,34.69
04/01/52,34.69
05/01/52,34.69
06/01/52,34.69
07/01/52,34.69
08/01/52,34.69
09/01/52,34.69
10/01/52,34.69
11/01/52,34.69
12/01/52,34.69
01/01/53,35
02/01/53,35
03/01/53,35
04/01/53,35
05/01/53,35
06/01/53,35
07/01/53,35
08/01/53,35
09/01/53,35
10/01/53,35
11/01/53,35
12/01/53,35
01/01/54,35.31
02/01/54,35.31
03/01/54,35.31
04/01/54,35.31
05/01/54,35.31
06/01/54,35.31
07/01/54,35.31
08/01/54,35.31
09/01/54,35.31
10/01/54,35.31
11/01/54,35.31
12/01/54,35.31
01/01/55,35.31
02/01/55,35.31
03/01/55,35.31
04/01/55,35.31
05/01/55,35.31
06/01/55,35.31
07/01/55,35.31
08/01/55,35.31
09/01/55,35.31
10/01/55,35.31
11/01/55,35.31
12/01/55,35.31
01/01/56,35.31
02/01/56,35.31
03/01/56,35.31
04/01/56,35.31
05/01/56,35.31
06/01/56,35.31
07/01/56,35.31
08/01/56,35.31
09/01/56,35.31
10/01/56,35.31
11/01/56,35.31
12/01/56,35.31
01/01/57,35
02/01/57,35
03/01/57,35
04/01/57,35
05/01/57,35
06/01/57,35
07/01/57,35
08/01/57,35
09/01/57,35
10/01/57,35
11/01/57,35
12/01/57,35
01/01/58,35.31
02/01/58,35.31
03/01/58,35.31
04/01/58,35.31
05/01/58,35.31
06/01/58,35.31
07/01/58,35.31
08/01/58,35.31
09/01/58,35.31
10/01/58,35.31
11/01/58,35.31
12/01/58,35.31
01/01/59,35.31
02/01/59,35.31
03/01/59,35.31
04/01/59,35.31
05/01/59,35.31
06/01/59,35.31
07/01/59,35.31
08/01/59,35.31
09/01/59,35.31
10/01/59,35.31
11/01/59,35.31
12/01/59,35.31
01/01/60,35.31
02/01/60,35.31
03/01/60,35.31
04/01/60,35.31
05/01/60,35.31
06/01/60,35.31
07/01/60,35.31
08/01/60,35.31
09/01/60,35.31
10/01/60,35.31
11/01/60,35.31
12/01/60,35.31
01/01/61,35.31
02/01/61,35.31
03/01/61,35.31
04/01/61,35.31
05/01/61,35.31
06/01/61,35.31
07/01/61,35.31
08/01/61,35.31
09/01/61,35.31
10/01/61,35.31
11/01/61,35.31
12/01/61,35.31
01/01/62,35.31
02/01/62,35.31
03/01/62,35.31
04/01/62,35.31
05/01/62,35.31
06/01/62,35.31
07/01/62,35.31
08/01/62,35.31
09/01/62,35.31
10/01/62,35.31
11/01/62,35.31
12/01/62,35.31
01/01/63,35.31
02/01/63,35.31
03/01/63,35.31
04/01/63,35.31
05/01/63,35.31
06/01/63,35.31
07/01/63,35.31
08/01/63,35.31
09/01/63,35.31
10/01/63,35.31
11/01/63,35.31
12/01/63,35.31
01/01/64,35.31
02/01/64,35.31
03/01/64,35.31
04/01/64,35.31
05/01/64,35.31
06/01/64,35.31
07/01/64,35.31
08/01/64,35.31
09/01/64,35.31
10/01/64,35.31
11/01/64,35.31
12/01/64,35.31
01/01/65,35.31
02/01/65,35.31
03/01/65,35.31
04/01/65,35.31
05/01/65,35.31
06/01/65,35.31
07/01/65,35.31
08/01/65,35.31
09/01/65,35.31
10/01/65,35.31
11/01/65,35.31
12/01/65,35.31
01/01/66,35.31
02/01/66,35.31
03/01/66,35.31
04/01/66,35.31
05/01/66,35.31
06/01/66,35.31
07/01/66,35.31
08/01/66,35.31
09/01/66,35.31
10/01/66,35.31
11/01/66,35.31
12/01/66,35.31
01/01/67,35.31
02/01/67,35.31
03/01/67,35.31
04/01/67,35.31
05/01/67,35.31
06/01/67,35.31
07/01/67,35.31
08/01/67,35.31
09/01/67,35.31
10/01/67,35.31
11/01/67,35.31
12/01/67,35.31
01/01/68,40.31
02/01/68,40.31
03/01/68,40.31
04/01/68,39.1
05/01/68,42
06/01/68,40.95
07/01/68,38.9
08/01/68,39.85
09/01/68,39.7
10/01/68,39.2
11/01/68,39.85
12/01/68,41.95
01/01/69,42.55
02/01/69,42.78
03/01/69,43.1
04/01/69,43.6
05/01/69,43.15
06/01/69,41.23
07/01/69,41.45
08/01/69,40.95
09/01/69,40.65
10/01/69,39.85
11/01/69,35.55
12/01/69,35.21
01/01/70,34.98
02/01/70,35
03/01/70,35.3
04/01/70,35.85
05/01/70,35.5
06/01/70,35.51
07/01/70,35.29
08/01/70,35.78
09/01/70,36.24
10/01/70,37.4
11/01/70,37.6
12/01/70,37.38
01/01/71,38
02/01/71,38.79
03/01/71,38.8
04/01/71,39.6
05/01/71,40.8
06/01/71,40.2
07/01/71,42.48
08/01/71,41
09/01/71,42.48
10/01/71,42.4
11/01/71,43.55
12/01/71,43.5
01/01/72,46.95
02/01/72,48.4
03/01/72,48.38
04/01/72,49.5
05/01/72,59.3
06/01/72,64.1
07/01/72,68.9
08/01/72,66.8
09/01/72,64.1
10/01/72,64.43
11/01/72,63.6
12/01/72,64.7
01/01/73,66
02/01/73,85.3
03/01/73,90.25
04/01/73,90.7
05/01/73,114.5
06/01/73,123.5
07/01/73,115.2
08/01/73,104
09/01/73,100.25
10/01/73,97.25
11/01/73,100.25
12/01/73,112.25
01/01/74,133.25
02/01/74,169.5
03/01/74,173
04/01/74,168.5
05/01/74,156.5
06/01/74,146.75
07/01/74,154
08/01/74,155.25
09/01/74,147.5
10/01/74,166.4
11/01/74,182
12/01/74,187.5
01/01/75,176.25
02/01/75,181.75
03/01/75,177.75
04/01/75,167.4
05/01/75,167.75
06/01/75,166
07/01/75,166.4
08/01/75,161.5
09/01/75,138.25
10/01/75,143.4
11/01/75,138.25
12/01/75,140.25
01/01/76,128
02/01/76,132.3
03/01/76,129.5
04/01/76,128.15
05/01/76,125.25
06/01/76,123.8
07/01/76,112.4
08/01/76,103.05
09/01/76,116.1
10/01/76,122.3
11/01/76,130.1
12/01/76,134.55
01/01/77,132.1
02/01/77,142.25
03/01/77,149.8
04/01/77,146.5
05/01/77,143.2
06/01/77,142.95
07/01/77,144.5
08/01/77,146
09/01/77,153.9
10/01/77,160.8
11/01/77,159.8
12/01/77,165.6
01/01/78,175.2
02/01/78,182
03/01/78,180.75
04/01/78,170
05/01/78,184.9
06/01/78,183.2
07/01/78,198.9
08/01/78,207.3
09/01/78,217.45
10/01/78,243.65
11/01/78,193.7
12/01/78,224.5
01/01/79,233.05
02/01/79,250.9
03/01/79,239.65
04/01/79,243.45
05/01/79,277.15
06/01/79,276.45
07/01/79,295.35
08/01/79,317.75
09/01/79,397
10/01/79,379.75
11/01/79,417.2
12/01/79,524
01/01/80,668
02/01/80,640
03/01/80,503.25
04/01/80,519.25
05/01/80,531.4
06/01/80,662.5
07/01/80,618
08/01/80,633.75
09/01/80,670
10/01/80,636
11/01/80,621.5
12/01/80,589.5
01/01/81,507.5
02/01/81,490.25
03/01/81,514.25
04/01/81,481
05/01/81,478.75
06/01/81,421.5
07/01/81,405.25
08/01/81,425.5
09/01/81,426.5
10/01/81,429
11/01/81,415.5
12/01/81,400
01/01/82,388.25
02/01/82,363.25
03/01/82,320.5
04/01/82,356.75
05/01/82,325.5
06/01/82,314
07/01/82,342.5
08/01/82,409.6
09/01/82,394.75
10/01/82,422
11/01/82,428.25
12/01/82,448
01/01/83,503
02/01/83,419.75
03/01/83,414.25
04/01/83,428.5
05/01/83,439
06/01/83,416.75
07/01/83,422.25
08/01/83,414.5
09/01/83,404
10/01/83,383.5
11/01/83,405.75
12/01/83,381.5
01/01/84,371.9
02/01/84,396.6
03/01/84,388.5
04/01/84,376.2
05/01/84,383.45
06/01/84,375.25
07/01/84,341.6
08/01/84,347.7
09/01/84,344.15
10/01/84,334.5
11/01/84,328.6
12/01/84,309
01/01/85,304.9
02/01/85,290.5
03/01/85,329.8
04/01/85,324.65
05/01/85,313.15
06/01/85,316.5
07/01/85,328.1
08/01/85,335.75
09/01/85,326.5
10/01/85,325.75
11/01/85,327.4
12/01/85,327
01/01/86,354
02/01/86,338.25
03/01/86,345.5
04/01/86,344.75
05/01/86,343.35
06/01/86,345.5
07/01/86,357.75
08/01/86,386
09/01/86,421.2
10/01/86,401.5
11/01/86,390
12/01/86,390.9
01/01/87,407.3
02/01/87,405.75
03/01/87,419
04/01/87,454.5
05/01/87,451.75
06/01/87,447.1
07/01/87,464.25
08/01/87,455.9
09/01/87,459.15
10/01/87,468
11/01/87,493.9
12/01/87,486.5
01/01/88,465.25
02/01/88,423.75
03/01/88,458
04/01/88,449.75
05/01/88,454
06/01/88,436.85
07/01/88,432.7
08/01/88,426.35
09/01/88,396.15
10/01/88,412.3
11/01/88,421.3
12/01/88,410.15
01/01/89,394.85
02/01/89,386.75
03/01/89,382.3
04/01/89,381.3
05/01/89,363.5
06/01/89,371.15
07/01/89,369.1
08/01/89,359.6
09/01/89,369
10/01/89,376.05
11/01/89,406.8
12/01/89,401
01/01/90,417.55
02/01/90,409.1
03/01/90,372.2
04/01/90,371.55
05/01/90,363.7
06/01/90,352.4
07/01/90,371.1
08/01/90,388.1
09/01/90,406.1
10/01/90,379.25
11/01/90,384.8
12/01/90,391
01/01/91,369.6
02/01/91,363
03/01/91,354
04/01/91,353.45
05/01/91,361.55
06/01/91,366.9
07/01/91,363.6
08/01/91,347
09/01/91,350.5
10/01/91,357.4
11/01/91,366.85
12/01/91,353.4
01/01/92,354.15
02/01/92,353.05
03/01/92,341.5
04/01/92,336.25
05/01/92,337.55
06/01/92,343.4
07/01/92,357.95
08/01/92,340.5
09/01/92,349
10/01/92,338.8
11/01/92,333.7
12/01/92,332.9
01/01/93,330.75
02/01/93,328.75
03/01/93,336.9
04/01/93,353.45
05/01/93,381
06/01/93,379
07/01/93,403.7
08/01/93,370.6
09/01/93,352.65
10/01/93,369.1
11/01/93,370.8
12/01/93,390.65
01/01/94,378.2
02/01/94,380.75
03/01/94,389.7
04/01/94,376.45
05/01/94,386.25
06/01/94,385.4
07/01/94,384.05
08/01/94,386.25
09/01/94,395.35
10/01/94,387.4
11/01/94,383.35
12/01/94,382.5
01/01/95,375.85
02/01/95,375.7
03/01/95,386.55
04/01/95,389.5
05/01/95,384.25
06/01/95,387.6
07/01/95,383.35
08/01/95,381.65
09/01/95,383.75
10/01/95,382.4
11/01/95,387.85
12/01/95,386.7
01/01/96,403.2
02/01/96,400.35
03/01/96,396.7
04/01/96,390.15
05/01/96,390.55
06/01/96,381.3
07/01/96,385.5
08/01/96,387.25
09/01/96,379.3
10/01/96,379.3
11/01/96,371.9
12/01/96,369.55
01/01/97,345
02/01/97,360.6
03/01/97,349.5
04/01/97,340.45
05/01/97,345.75
06/01/97,334.05
07/01/97,326
08/01/97,325.4
09/01/97,328.75
10/01/97,310.4
11/01/97,296.9
12/01/97,289.2
01/01/98,301.8
02/01/98,296.55
03/01/98,299.9
04/01/98,310.7
05/01/98,292.4
06/01/98,295.75
07/01/98,289.4
08/01/98,273.4
09/01/98,294.1
10/01/98,293.1
11/01/98,295.75
12/01/98,287.45
01/01/99,285.65
02/01/99,286.8
03/01/99,279.8
04/01/99,285.85
05/01/99,271.05
06/01/99,261.2
07/01/99,256.75
08/01/99,254.6
09/01/99,303.75
10/01/99,298.85
11/01/99,292
12/01/99,290.85
01/01/00,283.05
02/01/00,294
03/01/00,275.9
04/01/00,275.85
05/01/00,272.25
06/01/00,289.15
07/01/00,277.4
08/01/00,274.95
09/01/00,274.1
10/01/00,263.8
11/01/00,267
12/01/00,272.65
01/01/01,266.2
02/01/01,265
03/01/01,259.05
04/01/01,263.45
05/01/01,266.1
06/01/01,269.9
07/01/01,265.55
08/01/01,275.35
09/01/01,290.85
10/01/01,280.95
11/01/01,274.7
12/01/01,276.5
01/01/02,281.5
02/01/02,296.55
03/01/02,303
04/01/02,309.35
05/01/02,327.25
06/01/02,319.05
07/01/02,305.5
08/01/02,312.4
09/01/02,322.4
10/01/02,316.35
11/01/02,318.25
12/01/02,342.75
01/01/03,370.35
02/01/03,347.65
03/01/03,335.35
04/01/03,336
05/01/03,365.8
06/01/03,345.15
07/01/03,355.75
08/01/03,371
09/01/03,384.5
10/01/03,384.6
11/01/03,398.1
12/01/03,417.25
01/01/04,401.3
02/01/04,392.25
03/01/04,423
04/01/04,387.3
05/01/04,393.85
06/01/04,393.75
07/01/04,389.6
08/01/04,408.1
09/01/04,412.35
10/01/04,426.2
11/01/04,452
12/01/04,438
01/01/05,423.8
02/01/05,436.55
03/01/05,427.5
04/01/05,433.2
05/01/05,416.9
06/01/05,436.8
07/01/05,427.15
08/01/05,433
09/01/05,473.4
10/01/05,472.65
11/01/05,493.8
12/01/05,513
01/01/06,569.8
02/01/06,556.5
03/01/06,584
04/01/06,638.25
05/01/06,654
06/01/06,600.4
07/01/06,637
08/01/06,621.75
09/01/06,601.75
10/01/06,600.9
11/01/06,638.4
12/01/06,635.7
01/01/07,645.75
02/01/07,677
03/01/07,663.5
04/01/07,678
05/01/07,656.6
06/01/07,648.5
07/01/07,666.75
08/01/07,668
09/01/07,737.75
10/01/07,783
11/01/07,794.75
12/01/07,836.5
01/01/08,923.75
02/01/08,969
03/01/08,937.25
04/01/08,867.75
05/01/08,879.5
06/01/08,932.75
07/01/08,912
08/01/08,836.5
09/01/08,897
10/01/08,728.5
11/01/08,813.5
12/01/08,865
01/01/09,918.5
02/01/09,943.75
03/01/09,918.5
04/01/09,889
05/01/09,972
06/01/09,941
07/01/09,936.5
08/01/09,950.75
09/01/09,1001.25
10/01/09,1044.5
11/01/09,1172
12/01/09,1104
01/01/10,1082.75
02/01/10,1112.5
03/01/10,1109.5
04/01/10,1175.25
05/01/10,1214
06/01/10,1240.5
07/01/10,1168
08/01/10,1233.5
09/01/10,1311
10/01/10,1336.75
11/01/10,1375
12/01/10,1410.25
01/01/11,1333.5
02/01/11,1409.75
03/01/11,1431
04/01/11,1531
05/01/11,1537
06/01/11,1508
07/01/11,1613.75
08/01/11,1826
09/01/11,1629
10/01/11,1718
11/01/11,1704
12/01/11,1574.5
01/01/12,1738
02/01/12,1788
03/01/12,1660.75
04/01/12,1662.5
05/01/12,1567.5
06/01/12,1569.5
07/01/12,1622.75
08/01/12,1657.75
09/01/12,1781
10/01/12,1718
11/01/12,1728.25
12/01/12,1664
01/01/13,1674.5
02/01/13,1591
03/01/13,1602.5
04/01/13,1472.75
05/01/13,1410.25
06/01/13,1203.25
07/01/13,1331.5
08/01/13,1392.75
09/01/13,1335.75
10/01/13,1333.75
11/01/13,1245.25
12/01/13,1201.5
01/01/14,1246.5
02/01/14,1327.75
03/01/14,1294
04/01/14,1292
05/01/14,1254
06/01/14,1313
07/01/14,1295
08/01/14,1285.75
09/01/14,1210
10/01/14,1173.25
11/01/14,1184.5
12/01/14,1199.25
01/01/15,1263.5
02/01/15,1205
03/01/15,1179.25
04/01/15,1204.3
05/01/15,1189.8
06/01/15,1171.8
07/01/15,1095.1
08/01/15,1132.5
09/01/15,1115.2
10/01/15,1141.4
11/01/15,1065.3
12/01/15,1060.2
01/01/16,1116.4
02/01/16,1234.4
03/01/16,1235.6
04/01/16,1290.5
05/01/16,1217.5
06/01/16,1320.6
07/01/16,1357.5
08/01/16,1311.4
09/01/16,1317.1
10/01/16,1273.1
11/01/16,1173.9
12/01/16,1151.7
01/01/17,1211.4
02/01/17,1253.9
03/01/17,1251.2
04/01/17,1268.3
05/01/17,1275.4
06/01/17,1242.3
07/01/17,1273.4
08/01/17,1322.2
09/01/17,1284.8
10/01/17,1270.5
11/01/17,1282.15
12/01/17,1296.5
01/01/18,1343.35
02/01/18,1320.3
03/01/18,1323.9
04/01/18,1316.25
05/01/18,1303.5
06/01/18,1250.55
07/01/18,1219.2
08/01/18,1206.85
09/01/18,1183.5
10/01/18,1217.7
11/01/18,1220.45
12/01/18,1281.65
01/01/19,1322.5
02/01/19,1325.45
03/01/19,1291.15
04/01/19,1285.15
05/01/19,1296
06/01/19,1413.2
07/01/19,1430.55
08/01/19,1526.55
09/01/19,1487.6
10/01/19,1506.4
11/01/19,1456.35
12/01/19,1523
01/01/20,1580.85
02/01/20,1626.35
03/01/20,1604.65
04/01/20,1716.75
05/01/20,1725.65
06/01/20,1770.7
07/01/20,1971.68
08/01/20,1970.5
09/01/20,1893.9
10/01/20,1879.9
11/01/20,1779.86
12/01/20,1895.1
01/01/21,1849.7
02/01/21,1728.8
03/01/21,1715.24
04/01/21,1767.7
05/01/21,1904.74
06/01/21,1771.6
07/01/21,1814.12
08/01/21,1815.8
09/01/21,1756.66
10/01/21,1783.9
11/01/21,1775.92
12/01/21,1828.6
01/01/22,1796.12
02/01/22,1900.7
03/01/22,1953.04
04/01/22,1911.7
05/01/22,1847.26
06/01/22,1817.4548
07/01/22,1766.4309
08/01/22,1708.58
09/01/22,1660.8799
10/01/22,1632.38
11/01/22,1768.61
12/01/22,1824.3233
01/01/23,1928.1201
02/01/23,1826.7404
03/01/23,1969.5459
04/01/23,1990.6
05/01/23,1965.2
06/01/23,1919.5693
07/01/23,1964.3387
08/01/23,1939.8281
09/01/23,1848.4898
10/01/23,1984.0109
11/01/23,2044.8957
12/01/23,2062.9233
01/01/24,2039.1538
02/01/24,2044.1997
03/01/24,2231.5551
04/01/24,2285.9886
05/01/24,2327.2836
06/01/24,2326.7177
07/01/24,2447.3573
08/01/24,2503.3796
09/01/24,2634.7649
10/01/24,2746.7019
11/01/24,2651.2196
12/01/24,2624.603
01/01/25,2798.1969
02/01/25,2858.0493
03/01/25,3123.0822
04/01/25,3288.7814
05/01/25,3289.5548
06/01/25,3266.4101
07/01/25,3285.7772
08/01/25,3373.9558
09/01/25,3759.5257
10/01/25,3942.8835