Date,sp500
31/12/27,17.66
31/01/28,17.57
29/02/28,17.26
31/03/28,19.28
30/04/28,19.75
31/05/28,20
30/06/28,19.14
31/07/28,19.43
31/08/28,20.87
29/09/28,21.14
31/10/28,21.68
30/11/28,24.28
31/12/28,24.35
31/01/29,25.74
28/02/29,25.59
28/03/29,25.53
30/04/29,25.94
31/05/29,24.83
29/06/29,27.41
31/07/29,28.88
30/08/29,31.71
30/09/29,30.16
31/10/29,24.15
27/11/29,20.92
31/12/29,21.45
31/01/30,22.79
28/02/30,23.28
31/03/30,24.15
30/04/30,24.9
29/05/30,24.49
30/06/30,20.46
31/07/30,21.21
29/08/30,21.37
30/09/30,18.59
31/10/30,16.94
29/11/30,16.57
31/12/30,15.34
31/01/31,16.09
28/02/31,17.93
31/03/31,16.69
30/04/31,15.09
29/05/31,13.02
30/06/31,14.83
31/07/31,13.73
31/08/31,13.86
30/09/31,9.71
31/10/31,10.53
30/11/31,9.5
31/12/31,8.12
30/01/32,7.89
29/02/32,8.29
31/03/32,7.31
30/04/32,5.83
31/05/32,4.47
30/06/32,4.43
30/07/32,6.1
31/08/32,8.39
30/09/32,8.08
31/10/32,6.96
30/11/32,6.55
31/12/32,6.89
31/01/33,6.94
28/02/33,5.66
31/03/33,5.85
29/04/33,8.32
31/05/33,9.64
30/06/33,10.91
31/07/33,9.95
31/08/33,11.09
30/09/33,9.83
31/10/33,8.96
29/11/33,9.88
30/12/33,10.1
31/01/34,11.17
28/02/34,10.76
31/03/34,10.75
30/04/34,10.46
31/05/34,9.61
30/06/34,9.81
31/07/34,8.68
31/08/34,9.15
29/09/34,9.1
31/10/34,8.81
30/11/34,9.54
31/12/34,9.5
31/01/35,9.1
28/02/35,8.74
30/03/35,8.47
30/04/35,9.28
31/05/35,9.58
29/06/35,10.23
31/07/35,11.08
31/08/35,11.32
30/09/35,11.59
31/10/35,12.46
30/11/35,12.95
31/12/35,13.43
31/01/36,14.31
29/02/36,14.55
31/03/36,14.92
30/04/36,13.77
29/05/36,14.4
30/06/36,14.84
31/07/36,15.85
31/08/36,15.99
30/09/36,16.01
31/10/36,17.21
30/11/36,17.28
31/12/36,17.18
30/01/37,17.83
27/02/37,18.09
31/03/37,17.92
30/04/37,16.43
28/05/37,16.26
30/06/37,15.4
31/07/37,16.98
31/08/37,16.04
30/09/37,13.76
30/10/37,12.36
30/11/37,11.11
31/12/37,10.55
31/01/38,10.69
28/02/38,11.34
31/03/38,8.5
30/04/38,9.7
31/05/38,9.27
30/06/38,11.56
30/07/38,12.4
31/08/38,12.06
30/09/38,12.24
31/10/38,13.17
30/11/38,12.73
31/12/38,13.21
31/01/39,12.3
28/02/39,12.7
31/03/39,10.98
29/04/39,10.92
31/05/39,11.6
30/06/39,10.86
31/07/39,12.04
31/08/39,11.18
30/09/39,13.02
31/10/39,12.83
30/11/39,12.2
30/12/39,12.49
31/01/40,12.05
29/02/40,12.13
30/03/40,12.25
30/04/40,12.19
31/05/40,9.27
29/06/40,9.98
31/07/40,10.29
31/08/40,10.56
30/09/40,10.66
31/10/40,11.08
30/11/40,10.61
31/12/40,10.58
31/01/41,10.07
28/02/41,9.92
31/03/41,9.96
30/04/41,9.31
31/05/41,9.35
30/06/41,9.85
31/07/41,10.39
30/08/41,10.3
30/09/41,10.2
31/10/41,9.5
29/11/41,9.1
31/12/41,8.69
31/01/42,8.81
28/02/42,8.59
31/03/42,8.01
30/04/42,7.66
29/05/42,8.15
30/06/42,8.3
31/07/42,8.56
31/08/42,8.62
30/09/42,8.85
31/10/42,9.42
30/11/42,9.29
31/12/42,9.77
30/01/43,10.47
27/02/43,11
31/03/43,11.58
30/04/43,11.59
29/05/43,12.11
30/06/43,12.35
31/07/43,11.68
31/08/43,11.8
30/09/43,12.08
30/10/43,11.92
30/11/43,11.02
31/12/43,11.67
31/01/44,11.85
29/02/44,11.82
31/03/44,12.02
29/04/44,11.87
31/05/44,12.35
30/06/44,12.98
31/07/44,12.71
31/08/44,12.82
30/09/44,12.78
31/10/44,12.78
30/11/44,12.83
30/12/44,13.28
31/01/45,13.47
28/02/45,14.3
31/03/45,13.64
30/04/45,14.84
31/05/45,15.01
30/06/45,14.96
31/07/45,14.66
31/08/45,15.51
29/09/45,16.16
31/10/45,16.65
30/11/45,17.19
31/12/45,17.36
31/01/46,18.57
28/02/46,17.28
30/03/46,18.08
30/04/46,18.76
31/05/46,19.18
28/06/46,18.43
31/07/46,17.96
30/08/46,16.65
30/09/46,14.96
31/10/46,14.84
30/11/46,14.67
31/12/46,15.3
31/01/47,15.66
28/02/47,15.43
31/03/47,15.17
30/04/47,14.58
29/05/47,14.45
30/06/47,15.21
31/07/47,15.76
29/08/47,15.32
30/09/47,15.11
31/10/47,15.43
29/11/47,14.99
31/12/47,15.3
31/01/48,14.69
28/02/48,14
31/03/48,15.08
30/04/48,15.48
28/05/48,16.69
30/06/48,16.74
30/07/48,15.85
31/08/48,15.97
30/09/48,15.49
30/10/48,16.54
30/11/48,14.75
31/12/48,15.2
31/01/49,15.22
28/02/49,14.62
31/03/49,15.06
30/04/49,14.74
31/05/49,14.19
30/06/49,14.16
29/07/49,15.04
31/08/49,15.22
30/09/49,15.58
31/10/49,16.04
30/11/49,16.06
31/12/49,16.76
31/01/50,17.05
28/02/50,17.22
31/03/50,17.29
29/04/50,18.07
31/05/50,18.78
30/06/50,17.69
31/07/50,17.84
31/08/50,18.42
29/09/50,19.45
31/10/50,19.53
30/11/50,19.51
30/12/50,20.41
31/01/51,21.66
28/02/51,21.8
31/03/51,21.4
30/04/51,22.43
31/05/51,21.52
29/06/51,20.96
31/07/51,22.4
31/08/51,23.28
28/09/51,23.26
31/10/51,22.94
30/11/51,22.88
31/12/51,23.77
31/01/52,24.14
29/02/52,23.26
31/03/52,24.37
30/04/52,23.32
29/05/52,23.86
30/06/52,24.96
31/07/52,25.4
29/08/52,25.03
30/09/52,24.54
31/10/52,24.52
28/11/52,25.66
31/12/52,26.57
30/01/53,26.38
27/02/53,25.9
31/03/53,25.29
30/04/53,24.62
29/05/53,24.54
30/06/53,24.14
31/07/53,24.75
31/08/53,23.32
30/09/53,23.35
30/10/53,24.54
30/11/53,24.76
31/12/53,24.81
29/01/54,26.08
26/02/54,26.15
31/03/54,26.94
30/04/54,28.26
28/05/54,29.19
30/06/54,29.21
30/07/54,30.88
31/08/54,29.83
30/09/54,32.31
29/10/54,31.68
30/11/54,34.24
31/12/54,35.98
31/01/55,36.63
28/02/55,36.76
31/03/55,36.58
29/04/55,37.96
31/05/55,37.91
30/06/55,41.03
29/07/55,43.52
31/08/55,43.18
30/09/55,43.67
31/10/55,42.34
30/11/55,45.51
30/12/55,45.48
31/01/56,43.82
29/02/56,45.34
29/03/56,48.48
30/04/56,48.38
31/05/56,45.2
29/06/56,46.97
31/07/56,49.39
31/08/56,47.51
28/09/56,45.35
31/10/56,45.58
30/11/56,45.08
31/12/56,46.67
31/01/57,44.72
28/02/57,43.26
29/03/57,44.11
30/04/57,45.74
31/05/57,47.43
28/06/57,47.37
31/07/57,47.91
30/08/57,45.22
30/09/57,42.42
31/10/57,41.06
29/11/57,41.72
31/12/57,39.99
31/01/58,41.7
28/02/58,40.84
31/03/58,42.1
30/04/58,43.44
29/05/58,44.09
30/06/58,45.24
31/07/58,47.19
29/08/58,47.75
30/09/58,50.06
31/10/58,51.33
28/11/58,52.48
31/12/58,55.21
30/01/59,55.45
27/02/59,55.41
31/03/59,55.44
30/04/59,57.59
29/05/59,58.68
30/06/59,58.47
31/07/59,60.51
31/08/59,59.6
30/09/59,56.88
30/10/59,57.52
30/11/59,58.28
31/12/59,59.89
29/01/60,55.61
29/02/60,56.12
31/03/60,55.34
29/04/60,54.37
31/05/60,55.83
30/06/60,56.92
29/07/60,55.51
31/08/60,56.96
30/09/60,53.52
31/10/60,53.39
30/11/60,55.54
30/12/60,58.11
31/01/61,61.78
28/02/61,63.44
30/03/61,65.06
28/04/61,65.31
31/05/61,66.56
30/06/61,64.64
31/07/61,66.76
31/08/61,68.07
29/09/61,66.73
31/10/61,68.62
30/11/61,71.32
29/12/61,71.55
31/01/62,68.84
28/02/62,69.96
30/03/62,69.55
30/04/62,65.24
31/05/62,59.63
29/06/62,54.75
31/07/62,58.23
31/08/62,59.12
28/09/62,56.27
31/10/62,56.52
30/11/62,62.26
31/12/62,63.1
31/01/63,66.2
28/02/63,64.29
29/03/63,66.57
30/04/63,69.8
31/05/63,70.8
28/06/63,69.37
31/07/63,69.13
30/08/63,72.5
30/09/63,71.7
31/10/63,74.01
29/11/63,73.23
31/12/63,75.02
31/01/64,77.04
28/02/64,77.8
31/03/64,78.98
30/04/64,79.46
28/05/64,80.37
30/06/64,81.69
31/07/64,83.18
31/08/64,81.83
30/09/64,84.18
30/10/64,84.86
30/11/64,84.42
31/12/64,84.75
29/01/65,87.56
26/02/65,87.43
31/03/65,86.16
30/04/65,89.11
28/05/65,88.42
30/06/65,84.12
30/07/65,85.25
31/08/65,87.17
30/09/65,89.96
29/10/65,92.42
30/11/65,91.61
31/12/65,92.43
31/01/66,92.88
28/02/66,91.22
31/03/66,89.23
29/04/66,91.06
31/05/66,86.13
30/06/66,84.74
29/07/66,83.6
31/08/66,77.1
30/09/66,76.56
31/10/66,80.2
30/11/66,80.45
30/12/66,80.33
31/01/67,86.61
28/02/67,86.78
31/03/67,90.2
28/04/67,94.01
31/05/67,89.08
30/06/67,90.64
31/07/67,94.75
31/08/67,93.64
29/09/67,96.71
31/10/67,93.3
30/11/67,94
29/12/67,96.47
31/01/68,92.24
29/02/68,89.36
29/03/68,90.2
30/04/68,97.46
31/05/68,98.68
28/06/68,99.58
30/07/68,97.74
30/08/68,98.86
30/09/68,102.67
31/10/68,103.41
29/11/68,108.37
31/12/68,103.86
31/01/69,103.01
28/02/69,98.13
28/03/69,101.51
30/04/69,103.69
29/05/69,103.46
30/06/69,97.71
31/07/69,91.83
29/08/69,95.51
30/09/69,93.12
31/10/69,97.12
28/11/69,93.81
31/12/69,92.06
30/01/70,85.02
27/02/70,89.5
31/03/70,89.63
30/04/70,81.52
29/05/70,76.55
30/06/70,72.72
31/07/70,78.05
31/08/70,81.52
30/09/70,84.3
30/10/70,83.25
30/11/70,87.2
31/12/70,92.15
29/01/71,95.88
26/02/71,96.75
31/03/71,100.31
30/04/71,103.95
28/05/71,99.63
30/06/71,98.7
30/07/71,95.58
31/08/71,99.03
30/09/71,98.34
29/10/71,94.23
30/11/71,93.99
31/12/71,102.09
31/01/72,103.94
29/02/72,106.57
30/03/72,107.2
28/04/72,107.67
31/05/72,109.53
30/06/72,107.14
31/07/72,107.39
31/08/72,111.09
29/09/72,110.55
31/10/72,111.58
30/11/72,116.67
29/12/72,118.05
31/01/73,116.03
28/02/73,111.68
30/03/73,111.52
30/04/73,106.97
31/05/73,104.95
29/06/73,104.26
31/07/73,108.22
31/08/73,104.25
28/09/73,108.43
31/10/73,108.29
30/11/73,95.96
31/12/73,97.55
31/01/74,96.57
28/02/74,96.22
29/03/74,93.98
30/04/74,90.31
31/05/74,87.28
28/06/74,86
31/07/74,79.31
30/08/74,72.15
30/09/74,63.54
31/10/74,73.9
29/11/74,69.97
31/12/74,68.56
31/01/75,76.98
28/02/75,81.59
31/03/75,83.36
30/04/75,87.3
30/05/75,91.15
30/06/75,95.19
31/07/75,88.75
29/08/75,86.88
30/09/75,83.87
31/10/75,89.04
28/11/75,91.24
31/12/75,90.19
30/01/76,100.86
27/02/76,99.71
31/03/76,102.77
30/04/76,101.64
28/05/76,100.18
30/06/76,104.28
30/07/76,103.44
31/08/76,102.91
30/09/76,105.24
29/10/76,102.9
30/11/76,102.1
31/12/76,107.46
31/01/77,102.03
28/02/77,99.82
31/03/77,98.42
29/04/77,98.44
31/05/77,96.12
30/06/77,100.48
29/07/77,98.85
31/08/77,96.77
30/09/77,96.53
31/10/77,92.34
30/11/77,94.83
30/12/77,95.1
31/01/78,89.25
28/02/78,87.04
31/03/78,89.21
28/04/78,96.83
31/05/78,97.24
30/06/78,95.53
31/07/78,100.68
31/08/78,103.29
29/09/78,102.54
31/10/78,93.15
30/11/78,94.7
29/12/78,96.11
31/01/79,99.93
28/02/79,96.28
30/03/79,101.59
30/04/79,101.76
31/05/79,99.08
29/06/79,102.91
31/07/79,103.81
31/08/79,109.32
28/09/79,109.32
31/10/79,101.82
30/11/79,106.16
31/12/79,107.94
31/01/80,114.16
29/02/80,113.66
31/03/80,102.09
30/04/80,106.29
30/05/80,111.24
30/06/80,114.24
31/07/80,121.67
29/08/80,122.38
30/09/80,125.46
31/10/80,127.47
28/11/80,140.52
31/12/80,135.76
30/01/81,129.55
27/02/81,131.27
31/03/81,136
30/04/81,132.81
29/05/81,132.59
30/06/81,131.21
31/07/81,130.92
31/08/81,122.79
30/09/81,116.18
30/10/81,121.89
30/11/81,126.35
31/12/81,122.55
29/01/82,120.4
26/02/82,113.11
31/03/82,111.96
30/04/82,116.44
28/05/82,111.88
30/06/82,109.61
30/07/82,107.09
31/08/82,119.51
30/09/82,120.42
29/10/82,133.72
30/11/82,138.53
31/12/82,140.64
31/01/83,145.3
28/02/83,148.06
31/03/83,152.96
29/04/83,164.43
31/05/83,162.39
30/06/83,167.64
29/07/83,162.56
31/08/83,164.4
30/09/83,166.07
31/10/83,163.55
30/11/83,166.4
30/12/83,164.93
31/01/84,163.41
29/02/84,157.06
30/03/84,159.18
30/04/84,160.05
31/05/84,150.55
29/06/84,153.18
31/07/84,150.66
31/08/84,166.68
28/09/84,166.1
31/10/84,166.09
30/11/84,163.58
31/12/84,167.24
31/01/85,179.63
28/02/85,181.18
29/03/85,180.66
30/04/85,179.83
31/05/85,189.55
28/06/85,191.85
31/07/85,190.92
30/08/85,188.63
30/09/85,182.08
31/10/85,189.82
29/11/85,202.17
31/12/85,211.28
31/01/86,211.78
28/02/86,226.92
31/03/86,238.9
30/04/86,235.52
30/05/86,247.35
30/06/86,250.84
31/07/86,236.12
29/08/86,252.93
30/09/86,231.32
31/10/86,243.98
28/11/86,249.22
31/12/86,242.17
30/01/87,274.08
27/02/87,284.2
31/03/87,291.7
30/04/87,288.36
29/05/87,290.1
30/06/87,304
31/07/87,318.66
31/08/87,329.8
30/09/87,321.83
30/10/87,251.79
30/11/87,230.3
31/12/87,247.08
29/01/88,257.07
29/02/88,267.82
31/03/88,258.89
29/04/88,261.33
31/05/88,262.16
30/06/88,273.5
29/07/88,272.02
31/08/88,261.52
30/09/88,271.91
31/10/88,278.97
30/11/88,273.7
30/12/88,277.72
31/01/89,297.47
28/02/89,288.86
31/03/89,294.87
28/04/89,309.64
31/05/89,320.52
30/06/89,317.98
31/07/89,346.08
31/08/89,351.45
29/09/89,349.15
31/10/89,340.36
30/11/89,345.99
29/12/89,353.4
31/01/90,329.08
28/02/90,331.89
30/03/90,339.94
30/04/90,330.8
31/05/90,361.23
29/06/90,358.02
31/07/90,356.15
31/08/90,322.56
28/09/90,306.05
31/10/90,304
30/11/90,322.22
31/12/90,330.22
31/01/91,343.93
28/02/91,367.07
28/03/91,375.22
30/04/91,375.34
31/05/91,389.83
28/06/91,371.16
31/07/91,387.81
30/08/91,395.43
30/09/91,387.86
31/10/91,392.45
29/11/91,375.22
31/12/91,417.09
31/01/92,408.78
28/02/92,412.7
31/03/92,403.69
30/04/92,414.95
29/05/92,415.35
30/06/92,408.14
31/07/92,424.21
31/08/92,414.03
30/09/92,417.8
30/10/92,418.68
30/11/92,431.35
31/12/92,435.71
29/01/93,438.78
26/02/93,443.38
31/03/93,451.67
30/04/93,440.19
28/05/93,450.19
30/06/93,450.53
30/07/93,448.13
31/08/93,463.56
30/09/93,458.93
29/10/93,467.83
30/11/93,461.79
31/12/93,466.45
31/01/94,481.61
28/02/94,467.14
31/03/94,445.77
29/04/94,450.91
31/05/94,456.5
30/06/94,444.27
29/07/94,458.26
31/08/94,475.49
30/09/94,462.71
31/10/94,472.35
30/11/94,453.69
30/12/94,459.27
31/01/95,470.42
28/02/95,487.39
31/03/95,500.71
28/04/95,514.71
31/05/95,533.4
30/06/95,544.75
31/07/95,562.06
31/08/95,561.88
29/09/95,584.41
31/10/95,581.5
30/11/95,605.37
29/12/95,615.93
31/01/96,636.02
29/02/96,640.43
29/03/96,645.5
30/04/96,654.17
31/05/96,669.12
28/06/96,670.63
31/07/96,639.95
30/08/96,651.99
30/09/96,687.33
31/10/96,705.27
29/11/96,757.02
31/12/96,740.74
31/01/97,786.16
28/02/97,790.82
31/03/97,757.12
30/04/97,801.34
30/05/97,848.28
30/06/97,885.14
31/07/97,954.31
29/08/97,899.47
30/09/97,947.28
31/10/97,914.62
28/11/97,955.4
31/12/97,970.43
30/01/98,980.28
27/02/98,1049.34
31/03/98,1101.75
30/04/98,1111.75
29/05/98,1090.82
30/06/98,1133.84
31/07/98,1120.67
31/08/98,957.28
30/09/98,1017.01
30/10/98,1098.67
30/11/98,1163.63
31/12/98,1229.23
29/01/99,1279.64
26/02/99,1238.33
31/03/99,1286.37
30/04/99,1335.18
28/05/99,1301.84
30/06/99,1372.71
30/07/99,1328.72
31/08/99,1320.41
30/09/99,1282.71
29/10/99,1362.93
30/11/99,1388.91
31/12/99,1469.25
31/01/00,1394.46
29/02/00,1366.42
31/03/00,1498.58
28/04/00,1452.43
31/05/00,1420.6
30/06/00,1454.6
31/07/00,1430.83
31/08/00,1517.68
29/09/00,1436.51
31/10/00,1429.4
30/11/00,1314.95
29/12/00,1320.28
31/01/01,1366.01
28/02/01,1239.94
30/03/01,1160.33
30/04/01,1249.46
31/05/01,1255.82
29/06/01,1224.38
31/07/01,1211.23
31/08/01,1133.58
28/09/01,1040.94
31/10/01,1059.78
30/11/01,1139.45
31/12/01,1148.08
31/01/02,1130.2
28/02/02,1106.73
28/03/02,1147.39
30/04/02,1076.92
31/05/02,1067.14
28/06/02,989.82
31/07/02,911.62
30/08/02,916.07
30/09/02,815.28
31/10/02,885.76
29/11/02,936.31
31/12/02,879.82
31/01/03,855.7
28/02/03,841.15
31/03/03,848.18
30/04/03,916.92
30/05/03,963.59
30/06/03,974.5
31/07/03,990.31
29/08/03,1008.01
30/09/03,995.97
31/10/03,1050.71
28/11/03,1058.2
31/12/03,1111.92
30/01/04,1131.13
27/02/04,1144.94
31/03/04,1126.21
30/04/04,1107.3
28/05/04,1120.68
30/06/04,1140.84
30/07/04,1101.72
31/08/04,1104.24
30/09/04,1114.58
29/10/04,1130.2
30/11/04,1173.82
31/12/04,1211.92
31/01/05,1181.27
28/02/05,1203.6
31/03/05,1180.59
29/04/05,1156.85
31/05/05,1191.5
30/06/05,1191.33
29/07/05,1234.18
31/08/05,1220.33
30/09/05,1228.81
31/10/05,1207.01
30/11/05,1249.48
30/12/05,1248.29
31/01/06,1280.08
28/02/06,1280.66
31/03/06,1294.87
28/04/06,1310.61
31/05/06,1270.09
30/06/06,1270.2
31/07/06,1276.66
31/08/06,1303.82
29/09/06,1335.85
31/10/06,1377.94
30/11/06,1400.63
29/12/06,1418.3
31/01/07,1438.24
28/02/07,1406.82
30/03/07,1420.86
30/04/07,1482.37
31/05/07,1530.62
29/06/07,1503.35
31/07/07,1455.27
31/08/07,1473.99
28/09/07,1526.75
31/10/07,1549.38
30/11/07,1481.14
31/12/07,1468.36
31/01/08,1378.55
29/02/08,1330.63
31/03/08,1322.7
30/04/08,1385.59
30/05/08,1400.38
30/06/08,1280
31/07/08,1267.38
29/08/08,1282.83
30/09/08,1166.36
31/10/08,968.75
28/11/08,896.24
31/12/08,903.25
30/01/09,825.88
27/02/09,735.09
31/03/09,797.87
30/04/09,872.81
29/05/09,919.14
30/06/09,919.32
31/07/09,987.48
31/08/09,1020.62
30/09/09,1057.08
30/10/09,1036.19
30/11/09,1095.63
31/12/09,1115.1
29/01/10,1073.87
26/02/10,1104.49
31/03/10,1169.43
30/04/10,1186.69
28/05/10,1089.41
30/06/10,1030.71
30/07/10,1101.6
31/08/10,1049.33
30/09/10,1141.2
29/10/10,1183.26
30/11/10,1180.55
31/12/10,1257.64
31/01/11,1286.12
28/02/11,1327.22
31/03/11,1325.83
29/04/11,1363.61
31/05/11,1345.2
30/06/11,1320.64
29/07/11,1292.28
31/08/11,1218.89
30/09/11,1131.42
31/10/11,1253.3
30/11/11,1246.96
30/12/11,1257.6
31/01/12,1312.41
29/02/12,1365.68
30/03/12,1408.47
30/04/12,1397.91
31/05/12,1310.33
29/06/12,1362.16
31/07/12,1379.32
31/08/12,1406.58
28/09/12,1440.67
31/10/12,1412.16
30/11/12,1416.18
31/12/12,1426.19
31/01/13,1498.11
28/02/13,1514.68
28/03/13,1569.19
30/04/13,1597.57
31/05/13,1630.74
28/06/13,1606.28
31/07/13,1685.73
30/08/13,1632.97
30/09/13,1681.55
31/10/13,1756.54
29/11/13,1805.81
31/12/13,1848.36
31/01/14,1782.59
28/02/14,1859.45
31/03/14,1872.34
30/04/14,1883.95
30/05/14,1923.57
30/06/14,1960.23
31/07/14,1930.67
29/08/14,2003.37
30/09/14,1972.29
31/10/14,2018.05
28/11/14,2067.56
31/12/14,2058.9
30/01/15,1994.99
27/02/15,2104.5
31/03/15,2067.89
30/04/15,2085.51
29/05/15,2107.39
30/06/15,2063.11
31/07/15,2103.84
31/08/15,1972.18
30/09/15,1920.03
30/10/15,2079.36
30/11/15,2080.41
31/12/15,2043.94
29/01/16,1940.24
29/02/16,1932.23
31/03/16,2059.74
29/04/16,2065.3
31/05/16,2096.96
30/06/16,2098.86
29/07/16,2173.6
31/08/16,2170.95
30/09/16,2168.27
31/10/16,2126.15
30/11/16,2198.81
30/12/16,2238.83
31/01/17,2278.87
28/02/17,2363.64
31/03/17,2362.72
28/04/17,2384.2
31/05/17,2411.8
30/06/17,2423.41
31/07/17,2470.3
31/08/17,2471.65
29/09/17,2519.36
31/10/17,2575.26
30/11/17,2647.58
29/12/17,2673.61
31/01/18,2823.81
28/02/18,2713.83
29/03/18,2640.87
30/04/18,2648.05
31/05/18,2705.27
29/06/18,2718.37
31/07/18,2816.29
31/08/18,2901.52
28/09/18,2913.98
31/10/18,2711.74
30/11/18,2760.17
31/12/18,2506.85
31/01/19,2704.1
28/02/19,2784.49
29/03/19,2834.4
30/04/19,2945.83
31/05/19,2752.06
28/06/19,2941.76
31/07/19,2980.38
30/08/19,2926.46
30/09/19,2976.74
31/10/19,3037.56
29/11/19,3140.98
31/12/19,3230.78
31/01/20,3225.52
28/02/20,2954.22
31/03/20,2584.59
30/04/20,2912.43
29/05/20,3044.31
30/06/20,3100.29
31/07/20,3271.12
31/08/20,3500.31
30/09/20,3363
30/10/20,3269.96
30/11/20,3621.63
31/12/20,3756.07
29/01/21,3714.24
26/02/21,3811.15
31/03/21,3972.89
30/04/21,4181.17
28/05/21,4204.11
30/06/21,4297.5
30/07/21,4395.26
31/08/21,4522.68
30/09/21,4307.54
29/10/21,4605.38
30/11/21,4567
31/12/21,4766.18
31/01/22,4515.55
28/02/22,4373.94
31/03/22,4530.41
29/04/22,4131.93
31/05/22,4132.15
30/06/22,3785.38
29/07/22,4130.29
31/08/22,3955
30/09/22,3585.62
31/10/22,3871.98
30/11/22,4080.11
31/12/22,3839.5
31/01/23,4076.6
28/02/23,3970.15
31/03/23,4109.31
28/04/23,4169.48
31/05/23,4179.83
30/06/23,4450.38
31/07/23,4588.96
31/08/23,4507.66
29/09/23,4288.05
31/10/23,4193.8
30/11/23,4567.8
29/12/23,4769.83
31/01/24,4845.65
29/02/24,5096.27
28/03/24,5254.35
30/04/24,5035.69
31/05/24,5277.51
28/06/24,5460.48
31/07/24,5522.3
30/08/24,5648.4
30/09/24,5762.48
31/10/24,5705.45
29/11/24,6032.38
31/12/24,5881.63
31/01/25,6040.53
28/02/25,5954.5
31/03/25,5611.85
30/04/25,5569.06
30/05/25,5911.69
30/06/25,6204.95
31/07/25,6339.39
29/08/25,6460.26
19/09/25,6664.36